No Twerk feat. Panther X Odalisk - Original Mix,"['Apashe', 'Panther']",No Twerk,43,9B,174,G Major,0.00152,0.628,0.000434,0.244,-6.095,0.613,0.793,sport
To Let Myself Go - Don Rimini Sweet Home Version,"['The Avener', 'Ane Brun']","We Go Deep, Saison 3 (Mixed by The Avener)",26,4A,122,F Minor,0.0269,0.54,0.541,0.0483,-10.354,0.842,0.596,sport
Better Days (feat. Johnta Austin),"['JID', 'Johnta Austin']",The Forever Story (Extended Version),55,7B,93,F Major,0.329,0.409,6.11E-06,0.139,-7.473,0.724,0.593,sport
Sleigh Ride,"['Leroy Anderson', 'Leonard Slatkin', 'St. Louis Symphony']",The Typewriter: Leroy Anderson Favorites,42,7B,116,F Major,0.72,0.822,0.0024,0.123,-22.144,0.592,0.198,sport
Freaks - Radio Edit,"['Timmy Trumpet', 'Savage']",Freaks,69,12B,128,E Major,0.0136,0.759,0.388,0.206,-0.818,0.882,0.965,sport
Sally (feat. Harrison) - Frontliner Remix Edit,"['Hardwell', 'Harrison', 'Frontliner']",United We Are (Remixed),18,3A,150,B♭ Minor,0.00276,0.369,0.0025,0.442,-5.485,0.557,0.94,sport
K I X S - Radio Edit,['MOGUAI'],K I X S (Radio Edit),18,9A,128,E Minor,0.00411,0.151,0.0031,0.161,-4.298,0.585,0.798,sport
Tremors (feat. Go Comet!) - Kill FM Remix,"['Botnek', 'GO COMET!', 'Kill FM']",Dim Mak Greatest Hits 2015: Remixes,3,7A,126,D Minor,0.00266,0.341,0.0318,0.312,-4.856,0.692,0.819,sport
No Limit - Radio Edit,"['Bodybangers', 'Victoria Kern', 'Godfrey Egbon']",No Limit,16,1A,128,A♭ Minor,0.00357,0.703,0.0359,0.0633,-3.85,0.756,0.918,sport
Secrets,"['Tiësto', 'KSHMR', 'VASSY']","Club Life, Vol. 4 - New York City",66,10A,128,B Minor,0.000329,0.122,0.0369,0.0857,-7.585,0.648,0.812,sport
Capitão de Areia,['Afterclapp'],Capitão De Areia,46,8B,85.0,C Major,0.757,0.308,0.0778,0.253,-12.196,0.698,0.337,53101044
,,,,,,,,,,,,,,
,,,,,,,,,,,,,,
,,,,,,,,,,,,,,
,,,,,,,,,,,,,,
,,,,,,,,,,,,,,
,,,,,,,,,,,,,,
,,,,,,,,,,,,,,
,,,,,,,,,,,,,,
,,,,,,,,,,,,,,